Gene_A,Gene_B,posterior_edge
Gata1,Spi1,0.7941338065672255
Spi1,Cebpa,0.9330836403337
Tal1,Hdac1,0.9358405653340944
Tal1,Myb,0.7762113496918496
Tal1,Tcf3,0.8959670240847769
Spi1,Gata3,0.784503833256978
Spi1,Id2,0.8574552430910416
Spi1,Irf4,0.8087394920924125
Crebbp,Spi1,0.9781183173879244
Tal1,Gata1,0.7710128514932687
Jun,Spi1,0.9440072776155262
Irf8,Spi1,0.937351759655026
