Gene_A,Gene_B,posterior_edge
Pou5f1,Wdr5,0.9060536378265504
Sox2,Hdac2,0.9205875290647028
Sox2,Sin3a,0.9230413397948684
Pou5f1,Chd4,0.8572539371879883
Sox2,Xpo4,0.7147794987372061
Pou5f1,Nr0b1,0.8356065223164258
Pou5f1,Nanog,0.8655629237529285
Pou5f1,Sall4,0.8251591971381251
Wdr5,Rbbp5,0.7676650303268435
Wdr5,Ash2l,0.7344428016635384
H3c1,Wdr5,0.9219277293827356
Sox2,Pou5f1,0.938832302141278
Hdac1,Sox2,0.9579084466470842
Mta2,Chd4,0.8034534707342944
